{
  "head": "intent_subtype",
  "test_count": 66,
  "test_metrics": {
    "epoch": 4.0,
    "test_accuracy": 0.6212121212121212,
    "test_loss": 1.598063588142395,
    "test_macro_f1": 0.4287067099567099,
    "test_runtime": 0.8146,
    "test_samples_per_second": 81.018,
    "test_steps_per_second": 20.868
  },
  "train_count": 270,
  "val_count": 66,
  "val_metrics": {
    "epoch": 4.0,
    "val_accuracy": 0.6666666666666666,
    "val_loss": 1.5162512063980103,
    "val_macro_f1": 0.358439548068031,
    "val_runtime": 0.8851,
    "val_samples_per_second": 74.566,
    "val_steps_per_second": 19.206
  }
}
