{
  "head": "iab_content",
  "test_count": 96,
  "test_metrics": {
    "epoch": 4.0,
    "test_accuracy": 0.9583333333333334,
    "test_loss": 0.8178980946540833,
    "test_macro_f1": 0.9588016150516151,
    "test_runtime": 1.1583,
    "test_samples_per_second": 82.88,
    "test_steps_per_second": 10.36
  },
  "train_count": 634,
  "val_count": 96,
  "val_metrics": {
    "epoch": 4.0,
    "val_accuracy": 0.9895833333333334,
    "val_loss": 0.791593611240387,
    "val_macro_f1": 0.9895104895104896,
    "val_runtime": 1.1602,
    "val_samples_per_second": 82.742,
    "val_steps_per_second": 10.343
  }
}
