{
  "head": "iab_content",
  "test_count": 703,
  "test_metrics": {
    "epoch": 2.0,
    "test_accuracy": 0.3541963015647226,
    "test_loss": 5.996245384216309,
    "test_macro_f1": 0.27341845878997584,
    "test_runtime": 15.5169,
    "test_samples_per_second": 45.305,
    "test_steps_per_second": 2.836
  },
  "train_count": 5624,
  "val_count": 703,
  "val_metrics": {
    "epoch": 2.0,
    "val_accuracy": 0.34281650071123754,
    "val_loss": 5.996519565582275,
    "val_macro_f1": 0.2626836797317347,
    "val_runtime": 16.2824,
    "val_samples_per_second": 43.175,
    "val_steps_per_second": 2.702
  }
}
