{
  "head": "iab_content",
  "test_count": 6093,
  "test_metrics": {
    "epoch": 2.0,
    "test_accuracy": 0.9507631708517972,
    "test_loss": 2.0422730445861816,
    "test_macro_f1": 0.8943745951231421,
    "test_runtime": 63.7041,
    "test_samples_per_second": 95.645,
    "test_steps_per_second": 5.981
  },
  "train_count": 26480,
  "training_args": {
    "epochs": 2.0,
    "eval_batch_size": 16,
    "learning_rate": 2e-05,
    "train_batch_size": 16
  },
  "val_count": 6155,
  "val_metrics": {
    "epoch": 2.0,
    "val_accuracy": 0.9465475223395613,
    "val_loss": 2.04582142829895,
    "val_macro_f1": 0.8924455077140275,
    "val_runtime": 68.4625,
    "val_samples_per_second": 89.903,
    "val_steps_per_second": 5.624
  }
}
