{
  "accepted_accuracy": 0.75,
  "accepted_coverage": 0.6897,
  "accuracy": 0.6552,
  "confusion_matrix_path": "/Users/manikumargouni/Desktop/AdMesh/protocol/agentic-intent-classifier/artifacts/evaluation/latest/decision_phase_val_confusion_matrix.csv",
  "count": 29,
  "dataset_path": "/Users/manikumargouni/Desktop/AdMesh/protocol/agentic-intent-classifier/data/decision_phase/val.jsonl",
  "fallback_rate": 0.3103,
  "head": "decision_phase",
  "macro_f1": 0.6189,
  "per_class_metrics": {
    "accuracy": 0.6551724137931034,
    "action": {
      "f1-score": 0.5,
      "precision": 1.0,
      "recall": 0.3333333333333333,
      "support": 3.0
    },
    "awareness": {
      "f1-score": 0.7272727272727273,
      "precision": 0.6666666666666666,
      "recall": 0.8,
      "support": 5.0
    },
    "consideration": {
      "f1-score": 0.6666666666666666,
      "precision": 0.5714285714285714,
      "recall": 0.8,
      "support": 5.0
    },
    "decision": {
      "f1-score": 0.8,
      "precision": 0.6666666666666666,
      "recall": 1.0,
      "support": 4.0
    },
    "macro avg": {
      "f1-score": 0.6188620902906617,
      "precision": 0.7387755102040817,
      "recall": 0.6333333333333334,
      "support": 29.0
    },
    "post_purchase": {
      "f1-score": 0.5714285714285714,
      "precision": 0.6666666666666666,
      "recall": 0.5,
      "support": 4.0
    },
    "research": {
      "f1-score": 0.6666666666666666,
      "precision": 0.6,
      "recall": 0.75,
      "support": 4.0
    },
    "support": {
      "f1-score": 0.4,
      "precision": 1.0,
      "recall": 0.25,
      "support": 4.0
    },
    "weighted avg": {
      "f1-score": 0.6283475145544111,
      "precision": 0.7215106732348111,
      "recall": 0.6551724137931034,
      "support": 29.0
    }
  },
  "suite": "val"
}
