{
  "accepted_accuracy": 0.9524,
  "accepted_coverage": 1.0,
  "accuracy": 0.9524,
  "confusion_matrix_path": "artifacts/evaluation/latest/decision_phase_difficulty_benchmark_confusion_matrix.csv",
  "count": 105,
  "dataset_path": "data/decision_phase_benchmark.jsonl",
  "difficulty_breakdown": {
    "easy": {
      "accepted_accuracy": 0.9714,
      "accepted_coverage": 1.0,
      "accuracy": 0.9714,
      "count": 35,
      "fallback_rate": 0.0,
      "macro_f1": 0.9711
    },
    "hard": {
      "accepted_accuracy": 0.8857,
      "accepted_coverage": 1.0,
      "accuracy": 0.8857,
      "count": 35,
      "fallback_rate": 0.0,
      "macro_f1": 0.883
    },
    "medium": {
      "accepted_accuracy": 1.0,
      "accepted_coverage": 1.0,
      "accuracy": 1.0,
      "count": 35,
      "fallback_rate": 0.0,
      "macro_f1": 1.0
    }
  },
  "fallback_rate": 0.0,
  "head": "decision_phase",
  "macro_f1": 0.9526,
  "per_class_metrics": {
    "accuracy": 0.9523809523809523,
    "action": {
      "f1-score": 0.9285714285714286,
      "precision": 1.0,
      "recall": 0.8666666666666667,
      "support": 15.0
    },
    "awareness": {
      "f1-score": 0.9655172413793104,
      "precision": 1.0,
      "recall": 0.9333333333333333,
      "support": 15.0
    },
    "consideration": {
      "f1-score": 0.9655172413793104,
      "precision": 1.0,
      "recall": 0.9333333333333333,
      "support": 15.0
    },
    "decision": {
      "f1-score": 0.967741935483871,
      "precision": 0.9375,
      "recall": 1.0,
      "support": 15.0
    },
    "macro avg": {
      "f1-score": 0.9525819504665047,
      "precision": 0.9564075630252101,
      "recall": 0.9523809523809523,
      "support": 105.0
    },
    "post_purchase": {
      "f1-score": 0.9375,
      "precision": 0.8823529411764706,
      "recall": 1.0,
      "support": 15.0
    },
    "research": {
      "f1-score": 0.9032258064516129,
      "precision": 0.875,
      "recall": 0.9333333333333333,
      "support": 15.0
    },
    "support": {
      "f1-score": 1.0,
      "precision": 1.0,
      "recall": 1.0,
      "support": 15.0
    },
    "weighted avg": {
      "f1-score": 0.9525819504665048,
      "precision": 0.9564075630252101,
      "recall": 0.9523809523809523,
      "support": 105.0
    }
  },
  "suite": "difficulty_benchmark"
}
