{
  "accepted_accuracy": 0.9615,
  "accepted_coverage": 0.7647,
  "accuracy": 0.8922,
  "confusion_matrix_path": "/Users/manikumargouni/Desktop/AdMesh/protocol/agentic-intent-classifier/artifacts/evaluation/latest/decision_phase_train_confusion_matrix.csv",
  "count": 102,
  "dataset_path": "/Users/manikumargouni/Desktop/AdMesh/protocol/agentic-intent-classifier/data/decision_phase/train.jsonl",
  "fallback_rate": 0.2353,
  "head": "decision_phase",
  "macro_f1": 0.8875,
  "per_class_metrics": {
    "accuracy": 0.8921568627450981,
    "action": {
      "f1-score": 0.8888888888888888,
      "precision": 1.0,
      "recall": 0.8,
      "support": 10.0
    },
    "awareness": {
      "f1-score": 0.9411764705882353,
      "precision": 0.8888888888888888,
      "recall": 1.0,
      "support": 16.0
    },
    "consideration": {
      "f1-score": 0.8947368421052632,
      "precision": 0.8095238095238095,
      "recall": 1.0,
      "support": 17.0
    },
    "decision": {
      "f1-score": 0.8888888888888888,
      "precision": 0.8,
      "recall": 1.0,
      "support": 16.0
    },
    "macro avg": {
      "f1-score": 0.8875059521691313,
      "precision": 0.9153576582148011,
      "recall": 0.8802721088435375,
      "support": 102.0
    },
    "post_purchase": {
      "f1-score": 0.8,
      "precision": 0.9090909090909091,
      "recall": 0.7142857142857143,
      "support": 14.0
    },
    "research": {
      "f1-score": 0.9655172413793104,
      "precision": 1.0,
      "recall": 0.9333333333333333,
      "support": 15.0
    },
    "support": {
      "f1-score": 0.8333333333333334,
      "precision": 1.0,
      "recall": 0.7142857142857143,
      "support": 14.0
    },
    "weighted avg": {
      "f1-score": 0.8895086886634184,
      "precision": 0.9069745069745071,
      "recall": 0.8921568627450981,
      "support": 102.0
    }
  },
  "suite": "train"
}
