{
  "accepted_accuracy": 0.8,
  "accepted_coverage": 0.3846,
  "accuracy": 0.5769,
  "confusion_matrix_path": "/Users/manikumargouni/Desktop/AdMesh/protocol/agentic-intent-classifier/artifacts/evaluation/latest/decision_phase_test_confusion_matrix.csv",
  "count": 26,
  "dataset_path": "/Users/manikumargouni/Desktop/AdMesh/protocol/agentic-intent-classifier/data/decision_phase/test.jsonl",
  "fallback_rate": 0.6154,
  "head": "decision_phase",
  "macro_f1": 0.5179,
  "per_class_metrics": {
    "accuracy": 0.5769230769230769,
    "action": {
      "f1-score": 0.0,
      "precision": 0.0,
      "recall": 0.0,
      "support": 2.0
    },
    "awareness": {
      "f1-score": 1.0,
      "precision": 1.0,
      "recall": 1.0,
      "support": 3.0
    },
    "consideration": {
      "f1-score": 0.625,
      "precision": 0.45454545454545453,
      "recall": 1.0,
      "support": 5.0
    },
    "decision": {
      "f1-score": 0.2857142857142857,
      "precision": 0.3333333333333333,
      "recall": 0.25,
      "support": 4.0
    },
    "macro avg": {
      "f1-score": 0.5178571428571427,
      "precision": 0.5411255411255411,
      "recall": 0.5357142857142857,
      "support": 26.0
    },
    "post_purchase": {
      "f1-score": 0.5714285714285714,
      "precision": 0.6666666666666666,
      "recall": 0.5,
      "support": 4.0
    },
    "research": {
      "f1-score": 0.5714285714285714,
      "precision": 0.6666666666666666,
      "recall": 0.5,
      "support": 4.0
    },
    "support": {
      "f1-score": 0.5714285714285714,
      "precision": 0.6666666666666666,
      "recall": 0.5,
      "support": 4.0
    },
    "weighted avg": {
      "f1-score": 0.5432692307692306,
      "precision": 0.5617715617715617,
      "recall": 0.5769230769230769,
      "support": 26.0
    }
  },
  "suite": "test"
}
