{
  "accepted_accuracy": 0.9858,
  "accepted_coverage": 0.9792,
  "accuracy": 0.9861,
  "confusion_matrix_path": "/Users/manikumargouni/Desktop/AdMesh/protocol/agentic-intent-classifier/artifacts/evaluation/latest/intent_type_train_confusion_matrix.csv",
  "count": 144,
  "dataset_path": "/Users/manikumargouni/Desktop/AdMesh/protocol/agentic-intent-classifier/data/train.jsonl",
  "fallback_rate": 0.0208,
  "head": "intent_type",
  "macro_f1": 0.9869,
  "per_class_metrics": {
    "accuracy": 0.9861111111111112,
    "ambiguous": {
      "f1-score": 0.9841269841269841,
      "precision": 0.96875,
      "recall": 1.0,
      "support": 31.0
    },
    "commercial": {
      "f1-score": 0.9836065573770492,
      "precision": 1.0,
      "recall": 0.967741935483871,
      "support": 31.0
    },
    "informational": {
      "f1-score": 0.9863013698630136,
      "precision": 0.972972972972973,
      "recall": 1.0,
      "support": 36.0
    },
    "macro avg": {
      "f1-score": 0.9868854136459584,
      "precision": 0.9883445945945946,
      "recall": 0.9858560794044665,
      "support": 144.0
    },
    "personal_reflection": {
      "f1-score": 1.0,
      "precision": 1.0,
      "recall": 1.0,
      "support": 20.0
    },
    "transactional": {
      "f1-score": 0.9803921568627451,
      "precision": 1.0,
      "recall": 0.9615384615384616,
      "support": 26.0
    },
    "weighted avg": {
      "f1-score": 0.9860887859730896,
      "precision": 0.9865158126876877,
      "recall": 0.9861111111111112,
      "support": 144.0
    }
  },
  "suite": "train"
}
